Image,Species,Behavior,Shade,Plant,Part,Location,Iguana_and_tortoise_present
cropped/SANTA FE 905/2023-08-28 13-10-18 M 3_3_crop1.JPG,SKIPPED,SKIPPED,SKIPPED,SKIPPED,SKIPPED,SKIPPED,SKIPPED
cropped/SANTA FE 905/2023-11-03 12-12-29 M 1_3_crop1.JPG,Iguana,Resting_elevated,Shade,Unknown,NA,Ground,False
cropped/SANTA FE 976/2023-10-20 07-38-36 M 1_3_crop2.JPG,SKIPPED,SKIPPED,SKIPPED,SKIPPED,SKIPPED,SKIPPED,SKIPPED
cropped/SANTA FE 905/2023-08-20 13-54-47 M 1_3_crop1.JPG,SKIPPED,SKIPPED,SKIPPED,SKIPPED,SKIPPED,SKIPPED,SKIPPED
cropped/SANTA FE 983/DCIM/100RECNX/RCNX2592_crop1.JPG,SKIPPED,SKIPPED,SKIPPED,SKIPPED,SKIPPED,SKIPPED,SKIPPED
cropped/SANTA FE 976/2024-04-26 08-10-36 M 1_3_crop1.JPG,Tortoise,Unknown,Unknown,Unknown,NA,Ground,False
cropped/SANTA FE 983/DCIM/101RECNX/RCNX1974_crop1.JPG,Iguana,Resting_ground,Unknown,Grass,NA,Ground,False
SANTA FE 983/DCIM/100RECNX/RCNX3811_crop1.JPG,Iguana,Unknown,Unknown,Grass,NA,Ground,False
SANTA FE 983/DCIM/100RECNX/RCNX2950_crop1.JPG,SKIPPED,SKIPPED,SKIPPED,SKIPPED,SKIPPED,SKIPPED,SKIPPED
cropped/SANTA FE 1001/2024-01-07 10-49-37 M 3_3_crop1.JPG,SKIPPED,SKIPPED,SKIPPED,SKIPPED,SKIPPED,SKIPPED,SKIPPED
cropped/SANTA FE 905/2023-08-09 12-54-03 M 2_3_crop1.JPG,SKIPPED,SKIPPED,SKIPPED,SKIPPED,SKIPPED,SKIPPED,SKIPPED
cropped/SANTA FE 976/2024-05-10 14-01-41 M 1_3_crop1.JPG,SKIPPED,SKIPPED,SKIPPED,SKIPPED,SKIPPED,SKIPPED,SKIPPED
cropped/SANTA FE 905/2024-04-20 17-22-07 M 2_3_crop1.JPG,Iguana,Foraging,Sunlight,Grass,NA,Ground,False
cropped/SANTA FE 905/2023-07-26 13-56-02 M 3_3_crop1.JPG,SKIPPED,SKIPPED,SKIPPED,SKIPPED,SKIPPED,SKIPPED,SKIPPED
cropped/SANTA FE 1001/2023-12-19 06-32-30 M 1_3_crop1.JPG,SKIPPED,SKIPPED,SKIPPED,SKIPPED,SKIPPED,SKIPPED,SKIPPED
SANTA FE 983/DCIM/100RECNX/RCNX3496_crop1.JPG,Iguana,Resting_elevated,Shade,Grass,NA,Ground,False
cropped/SANTA FE 905/2023-07-30 13-30-38 M 3_3_crop1.JPG,SKIPPED,SKIPPED,SKIPPED,SKIPPED,SKIPPED,SKIPPED,SKIPPED
cropped/SANTA FE 905/2024-03-07 14-46-40 M 2_3_crop1.JPG,SKIPPED,SKIPPED,SKIPPED,SKIPPED,SKIPPED,SKIPPED,SKIPPED
cropped/SANTA FE 905/2024-04-12 13-15-41 M 1_3_crop1.JPG,SKIPPED,SKIPPED,SKIPPED,SKIPPED,SKIPPED,SKIPPED,SKIPPED
cropped/SANTA FE 905/2023-08-15 13-16-41 M 3_3_crop1.JPG,SKIPPED,SKIPPED,SKIPPED,SKIPPED,SKIPPED,SKIPPED,SKIPPED
cropped/SANTA FE 905/2024-07-23 12-36-19 M 1_3_crop1.JPG,Iguana,Resting_ground,Shade,Grass,NA,Ground,False
cropped/SANTA FE 983/DCIM/100RECNX/RCNX2196_crop1.JPG,Iguana,Resting_elevated,Shade,Grass,NA,Ground,False
cropped/SANTA FE 983/DCIM/100RECNX/RCNX1898_crop1.JPG,Iguana,Resting_elevated,Shade,Grass,NA,Ground,False
cropped/SANTA FE 905/2024-03-08 14-01-50 M 2_3_crop1.JPG,SKIPPED,SKIPPED,SKIPPED,SKIPPED,SKIPPED,SKIPPED,SKIPPED
cropped/SANTA FE 1001/2023-11-13 11-29-26 M 1_3_crop1.JPG,Iguana,Resting_elevated,Shade,Woody,Trunk,Ground,False
SANTA FE 983/DCIM/100RECNX/RCNX0028_crop1.JPG,SKIPPED,SKIPPED,SKIPPED,SKIPPED,SKIPPED,SKIPPED,SKIPPED
cropped/SANTA FE 1001/2023-08-04 12-36-49 M 3_3_crop1.JPG,Tortoise,Sleeping,Shade,Woody,Trunk,Ground,False
cropped/SANTA FE 976/2023-07-29 12-37-03 M 1_3_crop1.JPG,SKIPPED,SKIPPED,SKIPPED,SKIPPED,SKIPPED,SKIPPED,SKIPPED
cropped/SANTA FE 1001/2023-12-01 12-59-27 M 2_3_crop1.JPG,Iguana,Resting_ground,Shade,Grass,NA,Ground,False
cropped/SANTA FE 975/2023-09-22 10-26-52 M 3_3_crop1.JPG,SKIPPED,SKIPPED,SKIPPED,SKIPPED,SKIPPED,SKIPPED,SKIPPED
cropped/SANTA FE 905/2024-03-03 14-57-57 M 1_3_crop1.JPG,SKIPPED,SKIPPED,SKIPPED,SKIPPED,SKIPPED,SKIPPED,SKIPPED
cropped/SANTA FE 983/DCIM/100RECNX/RCNX1227_crop1.JPG,Iguana,Sleeping,Unknown,Unknown,Unknown,Ground,False
SANTA FE 1001/2023-12-03 11-25-50 M 2_3_crop1.JPG,Iguana,Foraging,Shade,Woody,Trunk,Ground,False
cropped/SANTA FE 975/2024-02-28 14-55-56 M 1_3_crop1.JPG,SKIPPED,SKIPPED,SKIPPED,SKIPPED,SKIPPED,SKIPPED,SKIPPED
cropped/SANTA FE 976/2024-05-26 10-37-44 M 2_3_crop1.JPG,SKIPPED,SKIPPED,SKIPPED,SKIPPED,SKIPPED,SKIPPED,SKIPPED
cropped/SANTA FE 983/DCIM/101RECNX/RCNX0638_crop1.JPG,SKIPPED,SKIPPED,SKIPPED,SKIPPED,SKIPPED,SKIPPED,SKIPPED
cropped/SANTA FE 976/2023-11-17 10-59-25 M 1_3_crop1.JPG,SKIPPED,SKIPPED,SKIPPED,SKIPPED,SKIPPED,SKIPPED,SKIPPED
cropped/SANTA FE 976/2024-02-07 15-06-29 M 3_3_crop1.JPG,SKIPPED,SKIPPED,SKIPPED,SKIPPED,SKIPPED,SKIPPED,SKIPPED
SANTA FE 1001/2024-01-23 07-57-53 M 1_3_crop1.JPG,SKIPPED,SKIPPED,SKIPPED,SKIPPED,SKIPPED,SKIPPED,SKIPPED
SANTA FE 1001/2023-12-12 13-29-52 M 3_3_crop1.JPG,Iguana,Resting_elevated,Shade,Woody,Trunk,Ground,False
SANTA FE 983/DCIM/100RECNX/RCNX1862_crop1.JPG,Iguana,Resting_elevated,Unknown,Grass,Unknown,Ground,False
SANTA FE 1001/2024-02-25 13-29-15 M 2_3_crop1.JPG,SKIPPED,SKIPPED,SKIPPED,SKIPPED,SKIPPED,SKIPPED,SKIPPED
SANTA FE 983/DCIM/100RECNX/RCNX5227_crop1.JPG,SKIPPED,SKIPPED,SKIPPED,SKIPPED,SKIPPED,SKIPPED,SKIPPED
SANTA FE 1001/2024-03-01 10-39-55 M 2_3_crop1.JPG,SKIPPED,SKIPPED,SKIPPED,SKIPPED,SKIPPED,SKIPPED,SKIPPED
cropped/SANTA FE 976/2023-11-27 07-13-29 M 1_3_crop1.JPG,SKIPPED,SKIPPED,SKIPPED,SKIPPED,SKIPPED,SKIPPED,SKIPPED
cropped/SANTA FE 983/DCIM/100RECNX/RCNX2535_crop1.JPG,SKIPPED,SKIPPED,SKIPPED,SKIPPED,SKIPPED,SKIPPED,SKIPPED
cropped/SANTA FE 975/2024-02-21 10-50-13 M 3_3_crop1.JPG,SKIPPED,SKIPPED,SKIPPED,SKIPPED,SKIPPED,SKIPPED,SKIPPED
cropped/SANTA FE 976/2024-01-30 11-36-10 M 1_3_crop1.JPG,SKIPPED,SKIPPED,SKIPPED,SKIPPED,SKIPPED,SKIPPED,SKIPPED
cropped/SANTA FE 976/2024-04-01 06-04-47 M 2_3_crop1.JPG,Tortoise,Walking,Shade,Grass,NA,Ground,False
SANTA FE 1001/2023-12-07 12-58-33 M 1_3_crop1.JPG,Iguana,Foraging,Shade,Woody,Trunk,Ground,False
cropped/SANTA FE 905/2024-03-04 10-25-02 M 2_3_crop1.JPG,Iguana,Resting_ground,Sunlight,Grass,NA,Ground,False
cropped/SANTA FE 983/DCIM/100RECNX/RCNX1700_crop1.JPG,Iguana,Resting_elevated,Sunlight,Grass,NA,Ground,False
SANTA FE 983/DCIM/100RECNX/RCNX5203_crop1.JPG,Iguana,Resting_elevated,Shade,Grass,NA,Ground,False
cropped/SANTA FE 976/2023-10-20 10-00-28 M 2_3_crop1.JPG,SKIPPED,SKIPPED,SKIPPED,SKIPPED,SKIPPED,SKIPPED,SKIPPED
SANTA FE 983/DCIM/100RECNX/RCNX5180_crop1.JPG,SKIPPED,SKIPPED,SKIPPED,SKIPPED,SKIPPED,SKIPPED,SKIPPED
cropped/SANTA FE 905/2024-04-12 14-14-17 M 3_3_crop1.JPG,SKIPPED,SKIPPED,SKIPPED,SKIPPED,SKIPPED,SKIPPED,SKIPPED
cropped/SANTA FE 976/2023-12-30 11-14-12 M 1_3_crop1.JPG,SKIPPED,SKIPPED,SKIPPED,SKIPPED,SKIPPED,SKIPPED,SKIPPED
cropped/SANTA FE 1001/2024-02-22 12-01-15 M 1_3_crop1.JPG,SKIPPED,SKIPPED,SKIPPED,SKIPPED,SKIPPED,SKIPPED,SKIPPED
cropped/SANTA FE 983/DCIM/100RECNX/RCNX2550_crop1.JPG,SKIPPED,SKIPPED,SKIPPED,SKIPPED,SKIPPED,SKIPPED,SKIPPED
cropped/SANTA FE 976/2023-10-11 08-58-55 M 2_3_crop1.JPG,SKIPPED,SKIPPED,SKIPPED,SKIPPED,SKIPPED,SKIPPED,SKIPPED
cropped/SANTA FE 975/2024-03-02 12-14-33 M 3_3_crop1.JPG,SKIPPED,SKIPPED,SKIPPED,SKIPPED,SKIPPED,SKIPPED,SKIPPED
cropped/SANTA FE 905/2024-05-03 11-58-30 M 1_3_crop1.JPG,Iguana,Foraging,Shade,Cactus,NA,Ground,False
cropped/SANTA FE 905/2023-08-15 13-30-07 M 1_3_crop1.JPG,SKIPPED,SKIPPED,SKIPPED,SKIPPED,SKIPPED,SKIPPED,SKIPPED
cropped/SANTA FE 976/2023-09-09 11-54-22 M 1_3_crop1.JPG,SKIPPED,SKIPPED,SKIPPED,SKIPPED,SKIPPED,SKIPPED,SKIPPED
SANTA FE 983/DCIM/100RECNX/RCNX3272_crop1.JPG,SKIPPED,SKIPPED,SKIPPED,SKIPPED,SKIPPED,SKIPPED,SKIPPED
cropped/SANTA FE 976/2023-10-20 09-08-05 M 1_3_crop1.JPG,SKIPPED,SKIPPED,SKIPPED,SKIPPED,SKIPPED,SKIPPED,SKIPPED
cropped/SANTA FE 1001/2024-03-06 10-25-28 M 3_3_crop1.JPG,SKIPPED,SKIPPED,SKIPPED,SKIPPED,SKIPPED,SKIPPED,SKIPPED
cropped/SANTA FE 905/2024-01-19 14-24-05 M 1_3_crop1.JPG,SKIPPED,SKIPPED,SKIPPED,SKIPPED,SKIPPED,SKIPPED,SKIPPED
SANTA FE 1001/2024-03-07 15-34-20 M 1_3_crop1.JPG,SKIPPED,SKIPPED,SKIPPED,SKIPPED,SKIPPED,SKIPPED,SKIPPED
cropped/SANTA FE 1001/2023-10-27 11-36-52 M 3_3_crop1.JPG,Iguana,Resting_ground,Shade,Grass,NA,Ground,False
SANTA FE 983/DCIM/100RECNX/RCNX4244_crop1.JPG,Iguana,Territorial_displaying,Unknown,Grass,NA,Ground,False
cropped/SANTA FE 975/2023-08-07 12-11-59 M 2_3_crop1.JPG,SKIPPED,SKIPPED,SKIPPED,SKIPPED,SKIPPED,SKIPPED,SKIPPED
cropped/SANTA FE 975/2024-03-03 12-03-20 M 1_3_crop1.JPG,SKIPPED,SKIPPED,SKIPPED,SKIPPED,SKIPPED,SKIPPED,SKIPPED
cropped/SANTA FE 976/2023-10-17 07-52-48 M 1_3_crop1.JPG,SKIPPED,SKIPPED,SKIPPED,SKIPPED,SKIPPED,SKIPPED,SKIPPED
SANTA FE 983/DCIM/100RECNX/RCNX0663_crop1.JPG,SKIPPED,SKIPPED,SKIPPED,SKIPPED,SKIPPED,SKIPPED,SKIPPED
cropped/SANTA FE 976/2023-09-14 09-53-27 M 2_3_crop1.JPG,SKIPPED,SKIPPED,SKIPPED,SKIPPED,SKIPPED,SKIPPED,SKIPPED
SANTA FE 983/DCIM/100RECNX/RCNX3929_crop1.JPG,Iguana,Resting_ground,Unknown,Grass,NA,Ground,False
cropped/SANTA FE 975/2024-03-04 12-29-25 M 1_3_crop1.JPG,SKIPPED,SKIPPED,SKIPPED,SKIPPED,SKIPPED,SKIPPED,SKIPPED
cropped/SANTA FE 975/2024-02-25 13-43-45 M 1_3_crop1.JPG,SKIPPED,SKIPPED,SKIPPED,SKIPPED,SKIPPED,SKIPPED,SKIPPED
SANTA FE 1001/2023-12-28 15-04-57 M 1_3_crop1.JPG,SKIPPED,SKIPPED,SKIPPED,SKIPPED,SKIPPED,SKIPPED,SKIPPED
cropped/SANTA FE 975/2024-01-11 09-30-32 M 1_3_crop1.JPG,SKIPPED,SKIPPED,SKIPPED,SKIPPED,SKIPPED,SKIPPED,SKIPPED
cropped/SANTA FE 976/2024-05-03 10-52-32 M 1_3_crop1.JPG,SKIPPED,SKIPPED,SKIPPED,SKIPPED,SKIPPED,SKIPPED,SKIPPED
cropped/SANTA FE 976/2023-10-24 11-38-05 M 2_3_crop1.JPG,SKIPPED,SKIPPED,SKIPPED,SKIPPED,SKIPPED,SKIPPED,SKIPPED
SANTA FE 983/DCIM/100RECNX/RCNX2006_crop1.JPG,Iguana,Fighting,Sunlight,Grass,NA,Ground,False
cropped/SANTA FE 905/2023-09-27 12-48-20 M 3_3_crop1.JPG,SKIPPED,SKIPPED,SKIPPED,SKIPPED,SKIPPED,SKIPPED,SKIPPED
cropped/SANTA FE 975/2024-03-05 14-47-22 M 1_3_crop1.JPG,SKIPPED,SKIPPED,SKIPPED,SKIPPED,SKIPPED,SKIPPED,SKIPPED
cropped/SANTA FE 1001/2023-11-24 14-31-56 M 1_3_crop1.JPG,SKIPPED,SKIPPED,SKIPPED,SKIPPED,SKIPPED,SKIPPED,SKIPPED
cropped/SANTA FE 975/2024-02-25 13-10-36 M 3_3_crop1.JPG,SKIPPED,SKIPPED,SKIPPED,SKIPPED,SKIPPED,SKIPPED,SKIPPED
cropped/SANTA FE 905/2023-07-27 12-21-36 M 2_3_crop1.JPG,SKIPPED,SKIPPED,SKIPPED,SKIPPED,SKIPPED,SKIPPED,SKIPPED
cropped/SANTA FE 983/DCIM/100RECNX/RCNX9496_crop1.JPG,SKIPPED,SKIPPED,SKIPPED,SKIPPED,SKIPPED,SKIPPED,SKIPPED
cropped/SANTA FE 905/2023-08-16 12-57-00 M 1_3_crop1.JPG,SKIPPED,SKIPPED,SKIPPED,SKIPPED,SKIPPED,SKIPPED,SKIPPED
cropped/SANTA FE 983/DCIM/100RECNX/RCNX1357_crop1.JPG,Iguana,Resting_elevated,Shade,Grass,NA,Ground,False
cropped/SANTA FE 1001/2024-03-07 15-17-59 M 3_3_crop1.JPG,SKIPPED,SKIPPED,SKIPPED,SKIPPED,SKIPPED,SKIPPED,SKIPPED
cropped/SANTA FE 905/2024-01-16 13-12-25 M 2_3_crop1.JPG,SKIPPED,SKIPPED,SKIPPED,SKIPPED,SKIPPED,SKIPPED,SKIPPED
cropped/SANTA FE 983/DCIM/100RECNX/RCNX4138_crop1.JPG,Iguana,Resting_ground,Unknown,Grass,NA,Ground,False
cropped/SANTA FE 1001/2023-12-02 13-45-58 M 1_3_crop1.JPG,Iguana,Resting_ground,Sunlight,Grass,NA,Ground,False
cropped/SANTA FE 983/DCIM/100RECNX/RCNX1254_crop1.JPG,SKIPPED,SKIPPED,SKIPPED,SKIPPED,SKIPPED,SKIPPED,SKIPPED
cropped/SANTA FE 976/2023-10-19 11-32-21 M 1_3_crop1.JPG,Iguana,Territorial_displaying,Shade,NA,NA,Ground,False
cropped/SANTA FE 976/2023-09-09 07-44-26 M 3_3_crop1.JPG,SKIPPED,SKIPPED,SKIPPED,SKIPPED,SKIPPED,SKIPPED,SKIPPED
cropped/SANTA FE 1001/2023-11-19 08-52-26 M 1_3_crop1.JPG,Iguana,Resting_ground,Sunlight,Grass,Unknown,Ground,False
Camera trap 983/DCIM/100RECNX/RCNX0013_crop1.JPG,Dove,Unknown,NA,NA,NA,,
Camera trap 983/DCIM/100RECNX/RCNX0017_crop1.JPG,Iguana,Unknown,NA,NA,NA,,
Camera trap 983/DCIM/100RECNX/RCNX0025_crop1.JPG,Dove,Unknown,NA,NA,NA,,
Camera trap 983/DCIM/100RECNX/RCNX0028_crop1.JPG,Dove,Unknown,NA,NA,NA,,
Camera trap 983/DCIM/100RECNX/RCNX0032_crop1.JPG,Dove,Unknown,NA,NA,NA,,
Camera trap 983/DCIM/100RECNX/RCNX0036_crop1.JPG,Iguana,Foraging,Unknown,Unknown,Ground,,
Camera trap 983/DCIM/100RECNX/RCNX0043_crop1.JPG,Iguana,Resting,NA,NA,NA,,
Camera trap 983/DCIM/100RECNX/RCNX0044_crop1.JPG,Iguana,Resting,NA,NA,NA,,
Camera trap 983/DCIM/100RECNX/RCNX0055_crop1.JPG,Dove,Unknown,NA,NA,NA,,
Camera trap 983/DCIM/100RECNX/RCNX0058_crop1.JPG,Dove,Unknown,NA,NA,NA,,
Camera trap 983/DCIM/100RECNX/RCNX0061_crop1.JPG,Dove,Unknown,NA,NA,NA,,
Camera trap 983/DCIM/100RECNX/RCNX0067_crop1.JPG,Dove,Unknown,NA,NA,NA,,
Camera trap 983/DCIM/100RECNX/RCNX0069_crop1.JPG,Dove,Unknown,NA,NA,NA,,
Camera trap 983/DCIM/100RECNX/RCNX0072_crop1.JPG,Dove,Unknown,NA,NA,NA,,
Camera trap 983/DCIM/100RECNX/RCNX0076_crop1.JPG,Iguana,Resting,NA,NA,NA,,
Camera trap 983/DCIM/100RECNX/RCNX0078_crop1.JPG,Dove,Unknown,NA,NA,NA,,
Camera trap 983/DCIM/100RECNX/RCNX0080_crop1.JPG,Iguana,Foraging,Cactus,Unknown,Ground,,
2023-08-08 08-15-11 M 1_3_crop1_buf100.JPG,Tortoise,Walking,NA,NA,NA,,
2023-08-12 13-19-06 M 3_3_crop1_buf100.JPG,Tortoise,Foraging,Unknown,Unknown,Ground,,
2023-08-20 07-46-06 M 1_3_crop1_buf100.JPG,Tortoise,Walking,NA,NA,NA,,
2023-08-22 07-01-37 M 1_3_crop1_buf100.JPG,Tortoise,Chasing_interspecies,NA,NA,NA,,
2023-08-25 11-11-51 M 3_3_crop1_buf100.JPG,Finch,Foraging,NA,NA,NA,,
2023-09-20 09-58-14 M 1_3_crop2_buf100.JPG,Tortoise,Unknown,Unknown,Unknown,NA,,
2023-09-25 11-46-51 M 1_3_crop1_buf100.JPG,Tortoise,Unknown,Unknown,Unknown,NA,,
2023-10-08 13-00-14 M 1_3_crop1_buf100.JPG,Flycatcher,Unknown,Unknown,NA,NA,,
2023-10-11 08-58-55 M 2_3_crop1_buf100.JPG,Lava_Lizard,Unknown,Unknown,Unknown,NA,,
2023-10-12 06-16-03 M 1_3_crop1_buf100.JPG,Dove,Unknown,Unknown,NA,NA,,
2023-10-20 09-21-29 M 1_3_crop3_buf100.JPG,Dove,Unknown,NA,NA,NA,,
2023-10-21 10-27-47 M 3_3_crop1_buf100.JPG,Iguana,Foraging,NA,NA,NA,,
2023-10-22 15-30-00 M 2_3_crop2_buf100.JPG,Dove,Unknown,NA,NA,NA,,
2023-10-23 09-44-35 M 1_3_crop1_buf100.JPG,Tortoise,Unknown,NA,NA,NA,,
2023-11-10 14-50-03 M 1_3_crop1_buf100.JPG,Mockingbird,Unknown,NA,NA,NA,,
2023-11-24 10-21-08 M 1_3_crop1_buf100.JPG,Iguana,Unknown,NA,NA,NA,,
2023-12-02 13-17-01 M 1_3_crop1_buf100.JPG,Iguana,Resting_ground,NA,NA,NA,,
2023-12-03 16-34-09 M 2_3_crop1_buf100.JPG,Iguana,Unknown,NA,NA,NA,,
2023-12-04 13-50-41 M 1_3_crop1_buf100.JPG,Iguana,Unknown,NA,NA,NA,,
2023-12-12 11-19-38 M 2_3_crop1_buf100.JPG,Tortoise,Sleeping,NA,NA,NA,,
2023-12-27 12-12-01 M 1_3_crop1_buf100.JPG,Finch,Unknown,NA,NA,NA,,
2023-12-31 09-26-54 M 2_3_crop1.JPG,Iguana,Foraging,NA,NA,NA,,
2023-12-31 09-26-54 M 2_3_crop1_buf100.JPG,Iguana,Foraging,Unknown,Unknown,NA,,
2024-01-01 15-19-37 M 2_3_crop1_buf100.JPG,Iguana,Unknown,Unknown,Unknown,NA,,
2024-01-01 15-33-23 M 3_3_crop1_buf100.JPG,Iguana,Unknown,NA,NA,NA,,
2024-02-01 15-32-58 M 1_3_crop1_buf100.JPG,Hawk,Unknown,NA,NA,NA,,
2024-02-24 12-30-55 M 1_3_crop1_buf100.JPG,Lava_Lizard,Unknown,NA,NA,NA,,
2024-02-26 10-56-40 M 1_3_crop1_buf100.JPG,Dove,Unknown,NA,NA,NA,,
2024-05-29 16-42-55 M 1_3_crop1_buf100.JPG,Hawk,Unknown,Unknown,NA,NA,,
RCNX0080_crop1_buf100.JPG,Iguana,Unknown,NA,NA,NA,,
RCNX0220_crop1_buf400.JPG,Mockingbird,Unknown,NA,NA,NA,,
RCNX0437_crop1_buf100.JPG,Iguana,Unknown,NA,NA,NA,,
RCNX0610_crop2_buf400.JPG,Mockingbird,Unknown,NA,NA,NA,,
RCNX0745_crop1_buf100.JPG,Iguana,Unknown,NA,NA,NA,,
RCNX0947_crop1_buf100.JPG,Iguana,Unknown,NA,NA,NA,,
RCNX1636_crop1_buf100.JPG,Rat,Unknown,NA,NA,NA,,
RCNX1865_crop1_buf100.JPG,Iguana,Courtship,NA,NA,NA,,
RCNX2262_crop1_buf400.JPG,Tortoise,Unknown,Unknown,Unknown,Plant,,
Camera trap 983/DCIM/100RECNX/RCNX0081_crop1.JPG,Other,Fighting,NA,Unknown,NA,,
Camera trap 983/DCIM/100RECNX/RCNX0019_crop1.JPG,Iguana,Resting_elevated,Sunlight,NA,NA,NA,
Camera trap 983/DCIM/100RECNX/RCNX0047_crop1.JPG,Iguana,Resting_elevated,Unknown,NA,NA,NA,
Camera trap 983/DCIM/100RECNX/RCNX0048_crop1.JPG,Iguana,Resting_elevated,Unknown,NA,NA,NA,
Camera trap 983/DCIM/100RECNX/RCNX0079_crop1.JPG,Iguana,Unknown,Unknown,NA,NA,NA,
Camera trap 983/DCIM/100RECNX/RCNX0081_crop2.JPG,Mockingbird,Resting_ground,Unknown,NA,NA,NA,
Camera trap 983/DCIM/100RECNX/RCNX0091_crop1.JPG,Dove,Resting_ground,Unknown,NA,NA,NA,
Camera trap 983/DCIM/100RECNX/RCNX0101_crop1.JPG,Other,Unknown,Unknown,NA,NA,NA,
Camera trap 983/DCIM/100RECNX/RCNX0108_crop1.JPG,Other,Unknown,Unknown,NA,NA,NA,
Camera trap 983/DCIM/100RECNX/RCNX0120_crop1.JPG,Other,Unknown,Unknown,NA,NA,NA,
Camera trap 983/DCIM/100RECNX/RCNX0126_crop1.JPG,Other,Unknown,Unknown,NA,NA,NA,
Camera trap 983/DCIM/100RECNX/RCNX0134_crop1.JPG,Other,Unknown,Unknown,NA,NA,NA,
Camera trap 983/DCIM/100RECNX/RCNX0135_crop1.JPG,Other,Unknown,Unknown,NA,NA,NA,
Camera trap 983/DCIM/100RECNX/RCNX0149_crop1.JPG,Iguana,Resting_ground,Unknown,NA,NA,NA,
Camera trap 983/DCIM/100RECNX/RCNX0151_crop1.JPG,Other,Unknown,Unknown,NA,NA,NA,
Camera trap 983/DCIM/100RECNX/RCNX0152_crop1.JPG,Other,Unknown,Unknown,NA,NA,NA,
Camera trap 983/DCIM/100RECNX/RCNX0168_crop1.JPG,Iguana,Resting_ground,Unknown,NA,NA,NA,
Camera trap 983/DCIM/100RECNX/RCNX0172_crop1.JPG,Iguana,Resting_ground,Unknown,NA,NA,NA,
Camera trap 983/DCIM/100RECNX/RCNX0178_crop1.JPG,Dove,Resting_ground,Unknown,NA,NA,NA,
Camera trap 983/DCIM/100RECNX/RCNX0183_crop1.JPG,Other,Unknown,Unknown,NA,NA,NA,
Camera trap 983/DCIM/100RECNX/RCNX0184_crop1.JPG,Mockingbird,Resting_ground,Unknown,NA,NA,NA,
Camera trap 983/DCIM/100RECNX/RCNX0192_crop1.JPG,Other,Unknown,Unknown,NA,NA,NA,
Camera trap 983/DCIM/100RECNX/RCNX0193_crop1.JPG,Other,Unknown,Unknown,NA,NA,NA,
Camera trap 983/DCIM/100RECNX/RCNX0206_crop1.JPG,Other,Unknown,Unknown,NA,NA,NA,
Camera trap 983/DCIM/100RECNX/RCNX0208_crop1.JPG,Other,Unknown,Unknown,NA,NA,NA,
Camera trap 983/DCIM/100RECNX/RCNX0220_crop1.JPG,Mockingbird,Resting_ground,Unknown,NA,NA,NA,
Camera trap 983/DCIM/100RECNX/RCNX0222_crop1.JPG,Iguana,Resting_ground,Unknown,NA,NA,NA,
Camera trap 983/DCIM/100RECNX/RCNX0231_crop1.JPG,Other,Unknown,Unknown,NA,NA,NA,
Camera trap 983/DCIM/100RECNX/RCNX0232_crop1.JPG,Other,Unknown,Unknown,NA,NA,NA,
Camera trap 983/DCIM/100RECNX/RCNX0233_crop1.JPG,Iguana,Resting_ground,Unknown,NA,NA,NA,
Camera trap 983/DCIM/100RECNX/RCNX0236_crop1.JPG,Other,Unknown,Unknown,NA,NA,NA,
Camera trap 983/DCIM/100RECNX/RCNX0238_crop1.JPG,Other,Unknown,Unknown,NA,NA,NA,
Camera trap 983/DCIM/100RECNX/RCNX0238_crop2.JPG,Other,Unknown,Unknown,NA,NA,NA,
Camera trap 983/DCIM/100RECNX/RCNX0245_crop1.JPG,Other,Unknown,Unknown,NA,NA,NA,
Camera trap 983/DCIM/100RECNX/RCNX0247_crop1.JPG,Other,Unknown,Unknown,NA,NA,NA,
Camera trap 983/DCIM/100RECNX/RCNX0248_crop1.JPG,Other,Unknown,Unknown,NA,NA,NA,
Camera trap 983/DCIM/100RECNX/RCNX0252_crop1.JPG,Iguana,Resting_elevated,Unknown,NA,NA,NA,
Camera trap 983/DCIM/100RECNX/RCNX0253_crop1.JPG,Other,Unknown,Unknown,NA,NA,NA,
Camera trap 983/DCIM/100RECNX/RCNX0254_crop1.JPG,Other,Unknown,Unknown,NA,NA,NA,
Camera trap 983/DCIM/100RECNX/RCNX0256_crop1.JPG,Other,Unknown,Unknown,NA,NA,NA,
Camera trap 983/DCIM/100RECNX/RCNX0267_crop1.JPG,Other,Unknown,Unknown,NA,NA,NA,
Camera trap 983/DCIM/100RECNX/RCNX0267_crop2.JPG,Iguana,Resting_ground,Sunlight,NA,NA,NA,
Camera trap 983/DCIM/100RECNX/RCNX0269_crop1.JPG,Other,Unknown,Sunlight,NA,NA,NA,
Camera trap 983/DCIM/100RECNX/RCNX0282_crop1.JPG,Other,Unknown,Sunlight,NA,NA,NA,
Camera trap 983/DCIM/100RECNX/RCNX0318_crop1.JPG,Other,Unknown,Unknown,NA,NA,NA,
Camera trap 983/DCIM/100RECNX/RCNX0324_crop1.JPG,Dove,Walking,Unknown,NA,NA,NA,
Camera trap 983/DCIM/100RECNX/RCNX0331_crop1.JPG,Dove,Resting_ground,Unknown,NA,NA,NA,
Camera trap 983/DCIM/100RECNX/RCNX0338_crop1.JPG,Other,Unknown,Unknown,NA,NA,NA,
Camera trap 983/DCIM/100RECNX/RCNX0340_crop1.JPG,Other,Unknown,Unknown,NA,NA,NA,
Camera trap 983/DCIM/100RECNX/RCNX0342_crop1.JPG,Other,Unknown,Unknown,NA,NA,NA,
Camera trap 983/DCIM/100RECNX/RCNX0349_crop1.JPG,Other,Unknown,Unknown,NA,NA,NA,
Camera trap 983/DCIM/100RECNX/RCNX0354_crop1.JPG,Iguana,Resting_ground,Unknown,NA,NA,NA,
Camera trap 983/DCIM/100RECNX/RCNX0359_crop1.JPG,Other,Unknown,Unknown,NA,NA,NA,
Camera trap 983/DCIM/100RECNX/RCNX0373_crop1.JPG,Iguana,Resting_ground,Shade,NA,NA,NA,
Camera trap 983/DCIM/100RECNX/RCNX0374_crop1.JPG,Other,Unknown,Unknown,NA,NA,NA,
Camera trap 983/DCIM/100RECNX/RCNX0375_crop1.JPG,Other,Unknown,Unknown,NA,NA,NA,
Camera trap 983/DCIM/100RECNX/RCNX0391_crop1.JPG,Other,Unknown,Unknown,NA,NA,NA,
Camera trap 983/DCIM/100RECNX/RCNX0392_crop1.JPG,Other,Unknown,Unknown,NA,NA,NA,
Camera trap 983/DCIM/100RECNX/RCNX0403_crop1.JPG,Other,Unknown,Unknown,NA,NA,NA,
Camera trap 983/DCIM/100RECNX/RCNX0405_crop1.JPG,Iguana,Resting_ground,Shade,NA,NA,NA,
Camera trap 983/DCIM/100RECNX/RCNX0410_crop1.JPG,Hawk,Resting_ground,Unknown,NA,NA,NA,
Camera trap 983/DCIM/100RECNX/RCNX0414_crop1.JPG,Other,Unknown,Unknown,NA,NA,NA,
Camera trap 983/DCIM/100RECNX/RCNX0426_crop1.JPG,Other,Unknown,Unknown,NA,NA,NA,
Camera trap 983/DCIM/100RECNX/RCNX0437_crop1.JPG,Iguana,Resting_ground,Sunlight,NA,NA,NA,
Camera trap 983/DCIM/100RECNX/RCNX0441_crop1.JPG,Other,Unknown,Unknown,NA,NA,NA,
Camera trap 983/DCIM/100RECNX/RCNX0442_crop1.JPG,Finch,Walking,Unknown,NA,NA,NA,
Camera trap 983/DCIM/100RECNX/RCNX0443_crop1.JPG,Other,Unknown,Unknown,NA,NA,NA,
Camera trap 983/DCIM/100RECNX/RCNX0444_crop1.JPG,Other,Unknown,Unknown,NA,NA,NA,
Camera trap 983/DCIM/100RECNX/RCNX0445_crop1.JPG,Other,Unknown,Unknown,NA,NA,NA,
Camera trap 983/DCIM/100RECNX/RCNX0446_crop1.JPG,Other,Flying,Shade,NA,NA,NA,
Camera trap 983/DCIM/100RECNX/RCNX0449_crop1.JPG,Other,Unknown,Unknown,NA,NA,NA,
Camera trap 983/DCIM/100RECNX/RCNX0467_crop1.JPG,Other,Unknown,Unknown,NA,NA,NA,
Camera trap 983/DCIM/100RECNX/RCNX0478_crop1.JPG,Iguana,Resting_ground,Shade,NA,NA,NA,
Camera trap 983/DCIM/100RECNX/RCNX0480_crop1.JPG,Other,Unknown,Unknown,NA,NA,NA,
Camera trap 983/DCIM/100RECNX/RCNX0486_crop1.JPG,Finch,Resting_ground,Sunlight,NA,NA,NA,
Camera trap 983/DCIM/100RECNX/RCNX0490_crop1.JPG,Dove,Walking,Sunlight,NA,NA,NA,
Camera trap 983/DCIM/100RECNX/RCNX0503_crop1.JPG,Iguana,Walking,Sunlight,NA,NA,NA,
Camera trap 983/DCIM/100RECNX/RCNX0519_crop1.JPG,Iguana,Resting_ground,Shade,NA,NA,NA,
Camera trap 983/DCIM/100RECNX/RCNX0521_crop1.JPG,Other,Unknown,Unknown,NA,NA,NA,
Camera trap 983/DCIM/100RECNX/RCNX0533_crop1.JPG,Iguana,Resting_ground,Sunlight,NA,NA,NA,
Camera trap 983/DCIM/100RECNX/RCNX0534_crop1.JPG,Iguana,Resting_ground,Sunlight,NA,NA,NA,
Camera trap 983/DCIM/100RECNX/RCNX0537_crop1.JPG,Other,Unknown,Unknown,NA,NA,NA,
Camera trap 983/DCIM/100RECNX/RCNX0544_crop1.JPG,Finch,Walking,Shade,NA,NA,NA,
Camera trap 983/DCIM/100RECNX/RCNX0544_crop2.JPG,Mockingbird,Unknown,Shade,NA,NA,NA,
Camera trap 983/DCIM/100RECNX/RCNX0583_crop1.JPG,Iguana,Resting_ground,Sunlight,NA,NA,NA,
Camera trap 983/DCIM/100RECNX/RCNX0584_crop1.JPG,Iguana,Resting_ground,Sunlight,NA,NA,NA,
Camera trap 983/DCIM/100RECNX/RCNX0584_crop2.JPG,Dove,Unknown,Shade,NA,NA,NA,
Camera trap 983/DCIM/100RECNX/RCNX0585_crop1.JPG,Iguana,Walking,Unknown,NA,NA,NA,
Camera trap 983/DCIM/100RECNX/RCNX0586_crop1.JPG,Iguana,Resting_ground,Sunlight,NA,NA,NA,
Camera trap 983/DCIM/100RECNX/RCNX0610_crop1.JPG,Iguana,Resting_ground,Shade,NA,NA,NA,
Camera trap 983/DCIM/100RECNX/RCNX0610_crop2.JPG,Mockingbird,Unknown,Sunlight,NA,NA,NA,
Camera trap 983/DCIM/100RECNX/RCNX0611_crop1.JPG,Iguana,Resting_ground,Unknown,NA,NA,NA,
Camera trap 983/DCIM/100RECNX/RCNX0612_crop1.JPG,Iguana,Resting_ground,Unknown,NA,NA,NA,
Camera trap 983/DCIM/100RECNX/RCNX0625_crop1.JPG,Other,Unknown,Unknown,NA,NA,NA,
Camera trap 983/DCIM/100RECNX/RCNX0626_crop1.JPG,Other,Unknown,Unknown,NA,NA,NA,
Camera trap 983/DCIM/100RECNX/RCNX0635_crop1.JPG,Iguana,Walking,Shade,NA,NA,NA,
Camera trap 983/DCIM/100RECNX/RCNX0642_crop1.JPG,Dove,Resting_ground,Sunlight,NA,NA,NA,
